"id","sid","jname","ename","flist"
1,1,"ナイアシン欠乏","Niacin Deficiency","0.19,0.23,0.95,82.50,192.71,227.50,452.02,592.50,731.31,815.72"
2,1,"ビタミンA欠乏","Vitamin A Deficiency","0.14,0.57,0.95,23.50,269.71,57.50,175.16,436.42,642.91,978.05"
3,1,"ビタミンB欠乏","Vitamin B Deficiency","0.05,0.41,1.00,45.00,97.50,324.37,410.25,566.41,709.83,930.12"
4,1,"ビタミンC欠乏","Vitamin C Deficiency","0.05,0.73,2.95,47.50,222.53,452.59,517.50,683.00,712.00,993.41"
5,1,"ビタミンD欠乏","Vitamin D Deficiency","0.17,0.22,0.62,11.09,40.00,57.50,150.00,175.00,426.90,826.00"
6,2,"高カルシウム血症","Hypercalcemia","0.11,0.49,14.73,82.50,217.50,344.01,671.52,753.21,871.02,975.87"
7,2,"高カリウム血症","Hyperkalemia","0.10,0.57,0.95,12.85,20.00,37.50,95.79,250.00,475.58,527.00"
8,2,"カルシウム吸収不足","Osteomalacia","0.10,0.22,0.68,7.25,39.25,125.37,220.91,405.37,593.50,875.52"
9,2,"燐酸カルシウム蓄積","Pseudogout","0.07,0.24,30.65,78.52,197.25,267.00,512.35,602.21,733.63,925.00"
10,2,"高シュウ酸血症","Hyperoxaluria","0.03,0.32,0.62,0.80,7.50,2.50,32.50,90.00,322.06,524.94"
11,3,"電子伝達系","Electron Transport Chain Deficiency","0.16,0.35,0.93,2.50,215.61,355.68,419.34,651.10,723.03,868.43"
12,3,"ミトコンドリア病","Mitochondrial Disease","0.16,0.35,0.93,2.50,215.61,355.68,419.34,651.10,723.03,868.43"
13,3,"シスタチオニン不足","Cystathionine Deficiency","0.24,0.73,0.83,7.50,30.00,57.50,95.87,97.50,424.94,562.91"
14,3,"酸化・リン酸化の不足","Oxidative Phosphorylation Deficiency","0.16,0.35,0.93,2.50,215.61,355.68,419.34,651.10,723.03,868.43"
15,3,"フィタン酸不足","Phytanic Acid Storge Disease","0.04,0.41,0.62,0.97,7.50,20.00,87.50,342.06,635.31,834.45"
16,3,"ヒポキサンチン不足","Hypoxanthine-Phosphoribosyl-Transferase Deficiency Disease","0.07,0.22,0.62,7.50,2.50,41.01,119.34,475.69,527.00,667.00"
17,4,"ロイシン代謝","Leucine Metablism Disorder","0.03,0.26,0.78,11.95,7.50,55.54,97.50,515.70,652.43,758.78"
18,4,"DHG不足","Glucose Phosphate Deficiency","0.11,0.24,0.65,0.83,2.50,27.50,55.37,87.50,125.52,322.06"
19,4,"ウリジングルコース４エピメラーゼ","UDPglucose4Epimeraze","0.11,0.24,0.65,0.83,2.50,127.50,255.47,387.50,696.50,825.91"
20,4,"カルボキシラーゼ","Carboxylase Deficiency, Multiple, Late-Onset","0.19,0.35,13.52,90.00,355.08,475.16,527.00,667.00,789.00,986.22"
21,4,"フコシターゼ欠乏","Fucosidase Deficiency","0.05,0.24,0.68,0.95,2.50,7.50,32.50,96.50,275.47,522.53"
22,4,"ビオチニダーゼ欠乏","Biotinidase Deficiency","0.19,0.35,13.52,90.00,355.08,475.16,527.00,667.00,789.00,986.22"
23,4,"脂肪酸の酸化不良","Fatty Acid Oxidation Disorder","0.02,0.52,0.73,2.25,5.43,45.44,269.71,534.25,682.45,751.87"
24,4,"低フォスフォターゼ症","Hypophosphatasia","0.04,0.22,0.95,5.58,25.68,17.50,42.50,60.00,95.23,125.68"
25,4,"代謝ストレス","Metabolic Stress","0.14,0.68,2.50,62.42,122.53,300.00,496.01,655.20,755.00,805.12"
26,4,"イノシン酸","inosinic acid","2.642"
27,5,"性腺","Gonadal Disorder","0.37,0.95,2.50,7.50,67.50,96.50,375.52,475.91,525.91,801.29"
28,5,"黄体ホルモン","Luteinizing  Hormone","0.13,0.35,0.70,0.85,5.79,77.25,130.00,296.50,625.58,915.70"
29,5,"プロラクチン","Prolactin Hypersecretion","0.03,0.52,0.68,0.90,7.50,88.50,151.79,285.00,325.79,819.34"
30,5,"卵胞刺激ホルモン","Follicle Stimulating Hormone","0.13,0.35,0.70,0.85,5.79,77.25,130.00,296.50,625.58,915.70"
31,5,"男性ホルモン","Male hormones","1.444,1.445"
32,5,"女性ホルモン","Female Hormones","1.351"
33,6,"自己免疫疾患","Autoimmune Disease","0.24,5.09,32.50,75.85,95.75,175.00,250.00,456.00,784.00,927.00"
34,6,"繊維筋痛症","Fibromyalgia","0.04,0.49,0.78,7.50,118.00,215.43,362.51,422.06,608.41,751.20"
35,6,"抗糸球体基底膜抗体","Goodpasture Syndrome","0.17,0.95,10.53,2.50,125.09,375.16,525.71,650.00,752.63,923.70"
36,6,"抗リン脂質抗体症候群","Antiphospholipid Syndrome","0.05,0.73,1.55,13.39,22.50,247.00,391.00,571.00,827.00,937.41"
37,7,"ミオクローヌス","Myoclonus","0.07,0.35,0.70,45.00,77.25,114.69,320.00,637.08,805.87,973.50"
38,7,"ジストニア","Dystonia","0.08,0.50,0.83,11.70,58.87,330.21,417.32,653.02,822.01,971.32"
39,7,"腕神経叢","Brachial Plexus","0.15,0.57,15.16,52.50,119.34,357.30,424.37,561.93,642.91,930.12"
40,7,"神経の回復","Recover Nerve System","0.002,0.675,5.00,10.00"
41,8,"傷・コラーゲン再生","Skin  Disease","0.19,0.37,7.25,45.75,96.50,325.00,519.34,655.20,750.00,922.53"
42,8,"ケロイド","Keloid","0.10,0.50,0.78,0.85,5.62,37.50,131.98,285.00,624.11,881.19"
43,8,"皮膚真菌症","Dermatomycoses","0.02,0.75,2.62,5.95,8.50,125.69,262.50,592.50,758.57,823.44"
44,8,"蕁麻疹","Urticaria","0.07,0.49,0.60,0.93,2.25,5.81,13.93,95.09,375.00,525.71"
45,8,"フルンケル症","Furunculosis","0.20,0.46,0.60,2.25,12.85,27.50,42.50,96.50,236.42,455.21"
46,9,"好酸球増加症","Eosinophilia","0.02,0.12,0.95,12.33,82.50,152.00,362.02,604.00,713.34,823.58"
47,9,"好中球減少症","Neutropenia","0.06,0.46,0.62,0.97,2.50,22.68,167.51,436.42,558.57,726.16"
48,9,"粘膜免疫低下","IgA Deficiency","0.13,0.23,0.70,0.87,5.78,7.25,30.00,96.50,322.06,519.34"
49,9,"ランゲラハンス細胞組織球増加性","Histiocytosis Langerhans Cell","0.14,0.32,0.97,2.50,11.09,20.00,57.50,225.00,423.01,565.36"
50,9,"プラズマ細胞悪液質","Plasma Cell Dyscrasias","0.13,0.40,0.68,0.80,5.26,72.50,135.47,296.50,556.72,879.93"
51,9,"肥満細胞","Mast Cell Disease","0.07,0.24,0.78,12.50,57.50,112.05,241.21,361.28,596.50,888.20"
52,9,"グロブリン合成不全","Paraproteinemia","0.13,0.40,0.68,0.80,5.26,72.50,135.47,296.50,556.72,879.93"
53,9,"ガングリオシドシアリダーゼ","Ganglioside Sialidase Deficiency","0.20,0.25,0.65,2.50,3.00,7.50,96.50,326.16,534.25,652.43"
54,9,"ファンコニー貧血","Anemia Fonconi","0.05,0.41,1.29,5.43,7.25,125.44,467.50,605.91,702.50,815.43"
55,9,"免疫欠乏","Immunodeficiency AIS","0.15,5.58,22.00,30.00,47.50,360.59,365.00,388.90,434.00,456.11"
56,9,"モルゲロンズ病(内部寄生虫)","Morgellons(Internal Parasites)","0.16,0.30,0.68,0.90,2.50,5.50,13.93,356.72,451.17,483.52,93.50,380.67,412.12"
57,10,"重金属","Heavy Metal","0.20,0.14,0.33,0.42,0.55,0.52,0.76,128.33,435.21"
58,10,"毒素排出","Toxin Extraction","0.20,0.14,0.33,0.42,0.44,0.55,0.52,0.76,0.78,1.86"
59,10,"植物毒素","Plant Poisoning","0.13,0.52,1.73,7.25,15.71,35.34,272.51,512.91,775.83,815.38"
60,10,"砒素毒","Arsenic Poisoning","0.10,0.83,5.50,52.50,342.06,458.50,515.09,687.62,712.23,995.38"
61,10,"放射能","Radiation Detox","0.25,0.50,2.75,65.35,105.31,328.21,357.00,405.15,424.65,575.20"
62,10,"電気過敏","Reduce  Electrical Sensitivity","0.657"
63,10,"肝・腎・リンパ・腸管・傷","Detox（Liver~）","0.03,0.54,0.75,0.02,0.24,0.15,0.52,0.44,0.64,0.18"
64,10,"薬の副作用","Adverse Drug Reaction","0.20,0.14,0.33,0.42,0.44,0.55,0.52,0.76,0.78,1.86"
65,10,"自己中毒","Autointoxication","0.522,0.146,1.550,10.00,0.8,0.88,0.787,0.72,0.02"
66,10,"ネガティブエネルギー除去","Reduce Negative Energy","20.08,89.08"
67,11,"リーキーガット","Leaky Gut Syndrome","0.17,0.22,0.47,0.61,109.33,117.88,211.00,360.00,525.71,683.47"
68,11,"セリアック病","Celiac Disease","0.12,0.55,0.85,2.50,20.00,47.50,72.50,125.17,379.93,475.19"
69,11,"即時型アレルギー","Hypersensitivity Atopic","0.04,0.24,0.57,1.92,30.72,57.50,152.01,321.26,669.71,823.01"
70,11,"遅延型アレルギー","Hypersensitivity","0.04,0.37,0.65,0.80,2.50,25.58,52.50,192.50,375.79,925.06"
71,11,"化学物質過敏","Multiple Chemical Sensitivity","0.08,0.37,0.78,8.85,45.50,113.52,241.01,392.50,675.87,812.02"
72,11,"特発性環境アレルギー","Idiopathic Environmental Allergy","0.08,0.37,0.78,8.85,45.50,113.52,241.01,392.50,675.87,812.02"
73,11,"ラテックスアレルギー","Latex Hypersensitivity","0.15,0.23,0.65,0.93,7.50,11.09,52.50,172.51,383.50,516.52"
74,11,"アナフィラキシー反応","Anaphylacitic Reaction","0.14,0.75,2.50,65.00,87.30,236.42,400.00,561.93,714.82,978.05"
75,12,"味覚障害","Taste Disorder","0.16,5.50,20.00,37.50,96.50,312.33,475.15,527.00,662.71,789.00"
76,12,"歯周病","Periodontal Disease","0.06,0.32,0.73,0.87,12.33,15.00,85.54,150.00,225.36,575.83"
77,12,"歯の削不良","Teeth Grinding Disorder","0.08,0.32,20.00,85.03,150.00,225.00,219.34,453.72,515.15,683.00"
78,12,"口内炎","Stomatitis Aphthous","0.05,0.41,0.80,5.17,42.50,119.34,357.30,527.00,662.71,789.00"
79,13,"耳鳴り","Tinnitus","0.07,0.24,0.57,87.50,175.16,322.06,476.50,667.00,742.00,985.67"
80,13,"聴覚","Hearing Disorder","0.04,0.50,0.93,2.25,5.29,30.00,142.50,350.00,422.06,775.29"
81,13,"耳炎","Otitis","0.10,0.52,0.78,0.80,2.25,5.26,167.50,352.52,845.47,922.53"
82,14,"大脳","Brain Disorder","0.04,0.25,0.46,0.32,0.52,0.75,42.50,87.50,132.41,376.29"
83,14,"尾状核","Huntington Disease","0.15,0.23,0.75,3.85,52.25,177.25,400.00,563.19,642.91,976.90"
84,14,"青班核","Narcolepsy","0.14,0.57,0.73,7.50,2.50,50.00,187.50,455.30,672.23,775.87"
85,14,"視床","Thalamic Disease","0.02,0.22,25.00,55.75,125.00,229.32,450.00,515.16,712.81,993.41"
86,14,"脳動脈瘤","Cerebral Aneurysm","0.08,0.24,0.57,7.50,10.72,36.21,142.50,321.00,415.70,775.68"
87,14,"脳血管障害","Cerebrovascular Disorders","0.08,0.25,0.70,0.85,7.50,17.50,185.75,350.00,425.17,510.50"
88,14,"脳血管痙縮","Vasospasm Intracranial","0.19,0.26,0.57,7.50,12.69,35.33,322.06,425.71,564.28,930.12"
89,14,"一過性脳虚血","Ischemic Attack","0.17,0.40,0.62,0.85,2.50,25.00,109.32,362.57,621.68,775.67"
90,14,"半身麻痺","Hemiplegia","0.11,0.49,0.78,2.25,77.50,102.71,262.50,455.91,837.50,910.50"
91,14,"脳卒中","Cerebral Stroke","0.09,0.12,0.62,15.17,96.50,225.00,425.16,571.00,841.00,937.41"
92,14,"てんかん","Epilepsy","0.07,0.18,0.73,0.87,5.71,7.25,22.50,97.50,375.35,500.00,655.20,751.87,932.41"
93,15,"鼻硬腫","Rhinoscleroma","0.08,0.24,0.63,7.82,32.25,67.50,155.29,391.02,415.70,726.07"
94,15,"副鼻孔炎","Sinusitis","0.11,0.40,0.83,5.50,25.00,125.17,225.75,475.19,527.00,662.71"
95,15,"嗅覚障害","Smell Disorders","0.11,0.49,0.57,13.39,5.25,20.00,60.00,35.52,93.50,315.70"
96,16,"緑内障","Glaucoma","0.16,0.55,0.95,5.29,7.25,32.50,137.50,326.07,490.00,515.70"
97,16,"白内障","Cataract","0.03,0.41,15.19,87.50,122.06,312.33,532.41,655.20,750.00,927.10"
98,17,"瘢痕","Scar","0.0059"
99,17,"ケロイド","Keloid","	0.10,0.50,0.78,0.85,5.62,37.50,131.98,285.00,624.11,881.19"
100,17,"外傷","Wound&Injuries","0.16,0.25,0.62,7.00,12.71,35.00,90.00,410.25,560.00,714.82"
101,17,"腹部ヘルニア","Hernia","0.14,0.22,0.73,13.39,5.58,150.00,475.85,736.42,819.34,915.70"
102,17,"炎症","Inflammation","0.08,0.12,0.60,0.80,2.50,30.98,103.00,362.50,692.01,825.00"
103,17,"癒着性関節包炎","Capsulitis Adhesive","0.06,0.23,20.00,62.50,125.75,150.00,357.30,532.41,653.69,759.83"
104,17,"半月板","Meniscus Tear","0.19,0.68,10.02,31.23,127.76,309.60,436.09,463.97,502.93,651.82"
105,17,"筋肉の修復","Muscle","0.0135"
106,17,"長期間の物理的ストレスによる組織疲労(褥瘡)","Bedsore","0.18,0.62,0.93,12.76,47.23,187.50,271.50,571.34,622.53,864.00"
107,18,"心中隔欠損症","Heart Septal Defects","0.14,0.22,0.65,5.29,7.85,51.02,167.50,324.37,551.03,725.52"
108,18,"動脈硬化","Arteriosclerosis","0.07,0.73,5.00,7.25,92.50,352.93,451.17,519.68,684.81,712.81"
109,18,"コレステロール塞栓","Embolism Cholesterol","0.05,0.57,0.92,2.53,12.34,53.02,78.30,158.30,257.02,410.00"
110,18,"血栓症","Thrombosis","0.14,0.49,0.73,0.95,7.50,2.50,20.00,112.33,376.29,534.25"
111,18,"血管疾患","Vascular Disease Peripheral","0.07,0.22,0.73,75.25,117.22,237.02,451.90,561.51,698.10,812.77"
112,18,"血管の修復","Vascular","0.0152"
113,18,"リンパ・血液の循環","Lymph","0.676,0.0152,0.337,0.017"
114,19,"骨折","Bone Fractures","0.13,0.57,0.78,0.93,32.50,217.50,552.71,743.01,815.91,913.52"
115,19,"椎間板","Intervertebral Disk Displacement","0.04,0.41,0.62,7.50,2.75,40.00,275.65,475.68,527.00,667.00"
116,19,"人工物のインプラント","Prosthesis Implantation","0.10,0.52,0.87,3.20,15.89,32.75,132.00,437.50,525.83,725.31"
117,19,"神経原性関節症","Arthropathy Neurogenic","0.11,5.33,7.00,15.00,125.00,350.00,425.00,571.00,828.00,932.00"
118,19,"腱障害","Tendinopathy","0.30,12.71,50.00,150.00,358.57,479.50,527.00,662.71,749.00,986.22"
119,19,"反応性関節炎","Arthritis Reactive","0.06,0.65,0.80,5.81,42.50,398.40,410.00,571.00,828.00,937.41"
120,19,"変形性関節症","Osteoarthritis","0.06,0.41,0.87,7.50,8.00,77.50,187.50,358.81,721.00,986.22"
121,19,"ペルテス病","Perthes Disease","0.04,0.32,0.70,0.87,5.78,32.50,181.93,621.69,705.54,815.70"
122,19,"ヘバーデン結節","Heberden's Node","0.06,0.41,0.87,7.50,8.00,77.50,187.50,358.81,721.00,986.22"
123,19,"骨ページェット病","Paget's Disease","0.08,0.49,0.68,7.50,11.09,17.50,72.50,215.70,456.50,517.50"
124,20,"膀胱","Bladder Disease","0.04,0.55,0.78,0.97,5.09,7.25,50.00,97.50,229.32,532.41"
125,20,"尿路疾患","Urethral Tract Diseases","0.04,0.52,0.68,0.83,2.50,27.50,35.00,67.50,95.75,375.16"
126,20,"膀胱炎","Cystitis Interstitial","0.04,0.46,0.80,2.25,113.95,232.50,335.69,587.50,821.00,975.31"
127,20,"前立腺肥大","Prostate Enlarged","0.83,1.87,5.63,152.30,328.92,424.21,482.13,502.93,553.70,591.42"
128,20,"後腹膜繊維症","Retroperitoneal Fibrosis","0.07,0.46,0.65,112.95,295.87,347.50,427.50,695.28,750.00,875.95"
129,21,"肝臓","Liver Disease","0.11,0.55,0.97,12.33,17.50,30.00,160.10,383.50,421.00,645.25"
130,21,"胆嚢","Gallbladder Diseases","0.12,0.55,0.95,5.37,22.50,42.50,162.50,292.50,442.20,524.37"
131,21,"腎臓","Kidney Disease","0.07,0.18,0.57,7.50,13.61,122.50,211.00,305.85,452.20,591.43"
132,21,"心臓","Heart Disease","0.07,0.22,0.70,2.75,7.25,50.00,67.50,115.70,356.72,475.52"
133,21,"胃腸","Gastrointestinal Disease","0.02,0.52,0.70,0.90,2.50,5.25,15.47,142.50,292.50,821.06"
134,21,"脾臓","Splenic Disease","0.04,0.35,7.25,2.50,60.00,125.00,300.00,475.17,527.00,752.70"
135,21,"すい臓","Pancreatic Disease","0.08,0.40,0.83,5.47,105.00,215.47,417.50,631.00,801.91,931.22"
136,21,"消化液不足","Exocrine Pancreatic Insufficiency","0.10,0.50,0.68,5.95,35.71,87.50,137.50,357.50,596.50,742.06"
137,21,"咳","Cough","0.07,0.24,0.91,7.50,12.08,145.50,442.00,574.50,797.50,983.50"
138,21,"肺胞炎(肺胞線維化)","Alveolitis Fibrosing","0.65,0.41,0.62,4.97,7.50,15.31,87.50,352.93,385.90,504.37"
139,21,"アスベスト症（硬い肺に変化する）","Asbestosis","0.04,0.97,7.50,87.50,175.33,475.16,527.00,657.11,742.00,985.67"
140,21,"胸膜炎","Pleurisy","0.08,0.41,1.47,5.25,47.53,121.21,357.50,497.50,612.50,821.02"
141,21,"気管支狭窄","Tracheal Stenosis","0.07,0.37,8.00,13.98,47.50,96.50,150.00,519.34,689.93,923.70"
142,21,"慢性閉塞性肺疾患","COPD","0.37,0.41,0.62,0.97,7.50,15.31,87.50,204.72,309.21,457.22"
143,21,"肺線維症","Pulmonary Fibrosis","0.65,0.41,0.62,4.97,7.50,15.31,87.50,325.93,385.90,504.37"
144,21,"珪酸症","Silicosis","0.09,07.25,45.75,72.50,150.00,325.19,477.50,527.00,667.00,761.20"
145,21,"ベリリウム症","Beryllium Disease","0.14,0.26,5.62,42.50,65.11,90.00,517.50,688.29,712.23,997.87"
146,21,"咽頭","Pharyngeal Disease","0.04,0.50,0.95,2.75,82.85,122.01,237.50,422.53,635.35,873.53"
147,21,"喉頭","Laryngeal Disease","0.03,0.24,0.62,0.83,183.39,315.62,432.39,691.50,822.54,923.01"
148,21,"声帯","Voice Disorders","0.08,0.16,15.50,85.00,92.00,357.30,541.00,657.11,833.20,987.23"
149,21,"甲状腺","Thyroid","0.763"
150,21,"副腎疾患","Adrenal Gland Disease","0.07,5.50,73.30,134.25,357.30,454.37,519.68,689.41,712.23,993.41"
151,21,"副腎皮質機能低下","Addison Disease","0.19,0.75,0.90,7.50,27.50,222.70,425.71,563.19,642.91,978.05"
152,22,"口唇ヘルペス","Herpes Labialis","0.11,0.55,1.23,5.58,27.50,291.25,293.05,292.00,345.50,824.37"
153,22,"性器ヘルペス","Herpes Genitalis","0.12,0.55,0.95,291.25,293.05,292.00,345.50,495.22,734.25,824.37"
154,22,"水痘ウイルス","Herpes Zoster","0.12,0.45,0.90,5.91,137.50,372.50,416.60,420.20,418.00,824.37"
155,22,"エプステインバール ウイルス","Epstein-Barr Virus","0.07,0.52,0.70,0.93,372.50,375.00,380.00,382.85,519.34,791.28"
156,22,"サイトメガロウイルス","Cytomegalovirus Infections","0.07,0.12,0.85,9.50,88.00,141.20,297.50,425.95,675.31,827.00"
157,22,"突発性発疹","Roseola Infantum","0.07,0.50,0.95,7.50,10.53,132.50,242.50,392.01,629.26,915.48"
158,22,"ポリオーマウイルス","Polyomavirus Infections","0.13,0.52,6.75,71.25,105.15,347.50,572.50,690.00,775.87,826.90"
159,22,"アデノウイルス","Adenovirus Infections","0.18,0.52,0.80,37.50,93.20,150.00,392.90,509.35,755.00,866.15"
160,22,"パピローマウイルス","Human Papilloma Virus","0.04,0.32,0.57,0.85,30.25,173.21,301.80,402.85,410.70,475.47"
161,22,"天然痘","Smallpox","0.08,0.35,5.50,35.17,62.50,93.50,225.00,496.01,682.45,753.07"
162,22,"ヒトパルボウイルス","Fifth  Disease","0.07,0.24,0.65,0.90,2.50,27.50,155.36,215.70,375.54,522.53"
163,23,"カリシウイルス","Caliciviridae Infections","0.06,0.49,0.57,7.50,2.50,30.00,72.50,225.75,419.34,561.93"
164,23,"ポリオ","Polio","0.02,0.12,0.75,37.93,105.17,213.71,465.00,597.50,724.37,825.34"
165,23,"コクサッキーウイルス","Coxsackie Virus Infections","0.07,0.22,0.62,2.50,360.50,366.10,364.00,475.29,527.00,667.00"
166,23,"手足口病","Foot and Mouth Disease","0.12,0.55,0.85,72.50,125.75,375.19,477.50,527.00,667.00,752.70"
167,23,"日本脳炎","Encephalitis Japanese","0.15,0.23,0.60,0.95,7.50,150.89,455.34,527.50,896.50,917.20"
168,23,"コロナウイルス","Coronaviridae Infections","0.08,0.35,5.75,12.93,63.47,182.50,435.29,562.50,793.50,995.75"
169,23,"テング熱","Dengue Fever","0.16,0.55,1.85,17.50,82.50,192.50,352.50,519.34,750.00,824.37"
170,23,"風疹","Rubella Virus","0.07,0.24,0.60,7.22,132.25,427.50,555.95,690.00,875.00,936.42"
171,23,"黄熱","Yellow Fever Virus","0.05,7.50,17.50,47.50,96.50,475.05,527.00,657.11,753.23,987.23"
172,23,"アルファウイルス","AlphaVirus","0.12,0.78,12.71,55.00,90.00,175.05,425.00,571.00,822.00,932.00"
173,24,"麻疹ウイルス","Measles Virus","0.06,0.26,0.75,2.25,7.50,52.50,369.50,373.01,371.05,687.62"
174,24,"RSウイルス","Respiratory Syncytial Virus Infections","0.04,0.55,0.57,0.87,7.50,50.19,140.00,390.00,624.37,819.34"
175,24,"パラインフルエンザウイルス","Parainfluenza Virus","0.07,0.33,1.06,5.20,27.53,102.37,145.47,203.00,486.10,535.91"
176,24,"ムンプス","Mumps Virus","0.13,0.30,0.83,2.50,7.50,22.50,142.02,251.02,325.58,471.87"
177,24,"ニパウイルス(脳炎)","Nipah Virus Encephalitis","0.07,0.33,1.06,5.20,27.53,102.37,145.47,203.00,486.10,535.91"
178,24,"インフルエンザウイルス","Influenza General","0.08,0.25,0.57,7.50,10.53,12.50,40.00,313.35,320.00,615.00"
179,24,"インフルエンザA","Influenza A","0.25,0.02,0.45,0.65,2.21,6.15,10.23,15.91,30.28,77.50,327.11"
180,24,"インフルエンザB","Influenza B","0.25,10.53,12.50,40.00,170.00,313.35,315.00,323.90,320.00,615.00"
181,24,"ヘンドラウイルス","Hendra Virus","0.07,0.33,1.06,5.20,27.53,102.37,145.47,203.00,486.10,535.91"
182,24,"ラッサ熱","Lassa Fever","0.03,0.24,4.57,57.50,110.47,321.82,491.31,681.28,721.66,839.34"
183,24,"狂犬病","Rabies Virus","0.07,0.18,1.65,7.93,102.53,165.50,415.00,693.50,875.31,915.93"
184,24,"ハンターウイルス","Hantavirus","0.07,0.12,0.60,0.87,2.25,125.52,387.50,525.00,707.50,816.50"
185,24,"ボルナ病","Borna Virus","0.04,0.35,2.50,35.16,93.50,458.50,517.50,689.41,712.00,993.41"
186,24,"ブニヤウイルス","Bunya Virus","0.26,0.65,5.12,7.00,42.50,200.00,458.50,515.15,683.00,712.42"
187,25,"HIV","HIV","0.15,5.58,22.00,30.00,47.50,162.82,365.00,388.90,434.00,456.11"
188,25,"HTLV-III感染","HTLV-III Infections","0.15,5.58,22.00,30.00,47.50,162.82,365.00,388.90,434.00,456.11"
189,25,"レトロウイルス","Human Retrovirus","0.07,0.88,9.71,68.83,102.85,205.28,312.50,492.50,675.95,823.37"
190,26,"肝炎ウイルス","Hepatitis Viral Human","0.15,0.18,0.87,5.29,27.50,45.56,65.29,95.22,182.50,233.45"
191,26,"スローウイルス","Slow Virus","0.19,0.37,0.75,45.19,65.00,96.50,225.75,514.35,652.43,759.83"
192,26,"アルボウイルス","Arbo Virus","0.07,0.68,2.33,35.00,87.50,476.50,527.00,667.00,753.23,987.23"
193,26,"髄膜炎","Meningitis Viral Bacterial","0.12,0.23,0.93,2.50,30.00,155.68,262.10,315.61,527.50,725.37,0.25,2.75"
194,26,"マイコプラズマ","Mycoplasma","0.19,0.40,0.95,322.85,323.90,323.50,342.75,346.00,349.30,923.01"
195,27,"ブドウ球菌","Staphylococcal Infections","0.05,0.41,0.80,5.25,87.50,42.50,376.27,378.00,380.85,381.00"
196,27,"肺炎球菌","Pneumococcal","0.05,0.35,2.75,30.93,75.81,187.50,405.32,715.00,803.51,905.32"
197,27,"溶血性連鎖球菌(猩紅熱)","Scarlet Fever","0.11,0.23,0.85,5.15,15.00,115.27,240.00,462.50,750.00,957.30"
198,27,"連鎖球菌","Streptococcal Infections","0.15,0.70,2.50,5.25,47.50,70.00,369.75,385.40,842.00,932.00"
199,27,"黄色ブドウ球菌","Staphylococcus aureus","0.378,0.381"
200,28,"マイコバクテリウム","Mycobacterium Infections","0.06,0.32,0.60,409.65,410.65,410.00,430.55,434.20,432.00,825.00"
201,28,"放線菌(ノカルディア属)","Nocardia","0.16,0.32,0.95,7.50,32.50,47.50,95.29,376.29,675.29,727.00"
202,28,"炭素菌","Anthrax","0.07,0.68,0.93,5.50,11.09,119.34,150.00,175.33,545.00,705.00"
203,28,"ジフテリア","Diphtheria","0.09,0.25,0.78,2.75,12.69,7.50,95.83,334.25,453.72,515.31"
204,28,"バチルス菌（枯草菌)","Bacillus  Infections","0.05,0.37,0.83,2.50,3.00,73.30,355.08,359.00,363.00,393.00"""
205,29,"ボツリヌス菌","Botulism","0.02,0.32,16.55,85.00,232.41,458.50,519.68,687.62,712.42,992.00"
206,29,"破傷風菌","Tetanus","0.08,0.32,0.65,7.50,37.50,67.50,96.50,527.00,663.71,986.22"
207,29,"ウェルシュ菌","Clostridium","361.00,362.00,364.55,382.80,384.00,389.00,391.15,394.20,396.00,398.10"""
210,30,"ピロリ菌","Helicobacter  Pylori","0.25,0.85,2.23,30.00,95.00,107.10,225.30,438.95,633.10,823.41"
211,30,"ライム病","Lyme Disease","0.65,2.50,7.50,25.23,70.00,42.50,95.67,378.95,523.01,682.02"
212,30,"淋病","Gonorrhea","0.20,0.25,0.57,13.61,23.25,221.75,333.85,336.50,334.00,971.00"
213,30,"カンピロバクター","Campylobacter","0.13,0.35,47.50,159.30,352.93,475.15,527.00,662.71,742.00,988.90"
214,30,"レプトピスラ症","Leptospirosis","0.07,0.24,10.57,37.29,132.81,313.75,437.50,520.50,631.94,771.00"
215,31,"リケッチア","Rickettsia Infections","0.13,0.18,0.83,5.25,127.50,212.50,335.28,560.00,695.95,997.50"
216,31,"エールヒア症","Ehrlichiosis","0.08,0.12,0.85,58.87,224.03,410.20,585.83,626.07,725.34,826.90"
217,31,"コクシエラ","Q Fever","0.80,1.12,9.85,51.71,75,93,412.02,385.69,690.00,812.93,906.42"
218,31,"エキノコッカス","Echinococcosis","0.12,0.55,5.85,81.50,127.55,241.52,471.50,625.30,853.00,915.09"
219,31,"クラミジア","Chlamydiaceae Infections","0.05,0.41,0.80,7.50,125.19,275.00,424.37,560.00,642.91,985.90"
220,31,"グラム陽性菌","Gram-Positive Bacterial Infections","0.15,0.92,2.75,13.22,163.00,275.29,307.25,435.37,587.50"
221,31,"グラム陰性菌","Gram-Negative Bacterial Infections","0.15,9.23,42.75,183.85,275.29,307.25,435.37,587.50"
222,32,"サルモネラ","Salmonella Infections","0.18,0.57,1.85,7.50,329.00,382.30,386.55,355.00,386.00,390.00"
223,32,"乳酸菌","Lactobacillus acidophilus","346.05,347.00,348.00,349.00,350.00,351.65,352.00,353.00,354.00,355.00"
224,32,"大腸菌","Escherichia coli Infections","0.16,0.41,0.73,0.83,7.50,356.00,393.00,425.00,610.50,826.07"
225,32,"エルシニア","Yersinia","0.15,5.50,12.85,35.16,93.50,269.71,426.90,571.00,822.00,937.41"
226,32,"プロテウス症候群","Proteus Syndrome","0.06,0.25,0.87,12.30,55.71,85.00,187.50,442.50,696.50,875.31"
227,32,"フソバクテリウム感染症","Fusobacterium Infections","0.19,0.18,0.75,9.00,11.09,22.50,47.50,115.70,377.91,470.12"
228,32,"クレブシエラ","Klebsiella Infections","0.13,0.41,0.65,0.97,7.50,10.47,398.45,401.00,404.65,419.00"
229,32,"猫引っかき病(バルトネラ)","Bartonella Infections","0.07,0.12,1.63,20.00,40.00,134.25,357.77,510.25,752.63,923.70"
230,32,"デュクレイ菌","Chancroid","0.24,0.70,7.50,72.50,119.34,324.37,515.70,682.02,754.19,941.00"
231,32,"インフルエンザ菌","Haemophilus influenzae","0.05,0.37,0.83,2.50,3.00,73.30,95.75,175.00,269.71,336.41"
232,32,"赤痢","Shigella Infections","3.00,73.30,95.75,175.00,269.71,318.00,390.09,394.00,426.22,512.81"
233,33,"トリコモナス","Trichomonas Infections","0.17,0.62,2.75,15.75,42.50,62.50,97.50,357.30,712.23,997.87"
234,33,"原虫","Protozoan  Infections","0.02,0.23,0.85,5.71,55.83,172.50,317.50,663.50,725.31,853.02"
235,33,"アメーバ症","Amebiasis","0.52,2.50,40.00,95.00,376.29,476.50,527.00,665.34,752.70,987.23"
236,33,"ランブル鞭毛虫","Lambliasis","0.05,0.35,0.60,0.87,2.25,5.29,55.47,97.50,324.37,425.52"
237,33,"ファシオロプシスブスキー","Parasite Fasciolopsisi Buskii adult and egg","0.68,0.90,2.50,5.50,13.93,93.50,386.40,427.70,435.10,434.00,427.35,435.45"
238,34,"ブルセラ症","Brucellosis","0.05,35.75,60.00,93.50,225.15,454.34,517.50,687.62,712.00,992.00"
239,34,"緑膿菌","Pseudomonas","0.06,0.23,8.85,45.25,115.30,215.31,437.50,662.50,825.34,917.03"
240,34,"百日咳","Pertussis","0.10,0.35,0.95,13.61,27.50,47.50,60.00,110.25,425.05,932.00"
241,34,"レジオネラ","Legionella","0.19,0.23,0.85,2.50,32.50,192.28,391.28,562.50,725.69,975.23"
242,34,"大原病(野兎病)","Tularemia","0.06,0.32,2.25,32.50,67.50,97.50,96.50,150.00,682.02,752.63"
243,35,"クリプトコッカス","Cryptococcosis","0.97,1.12,17.75,51.20,131.02,217.50,517.50,653.00,772.29,956.03"
244,35,"ヒストプラズマ症","Histoplasmosis","0.07,0.23,0.83,2.50,13.93,12.71,55.56,93.50,375.87,426.90"
245,35,"接合菌症","Zygomycosis","0.14,0.49,0.73,0.95,97.50,175.33,476.50,527.00,667.00,752.70"
246,35,"アスペルギルス症","Aspergillosis","0.12,0.83,5.00,7.25,37.50,357.30,434.25,563.19,709.83,978.05"
247,35,"カンジタ症","Candidiasis","0.18,0.93,2.50,42.50,71.50,96.50,125.75,434.00,642.91,983.17"
248,35,"でんぷう菌","Tinea  versicolor","0.05,0.41,0.60,0.85,350.00,479.50,527.00,663.71,752.70,987.23"
249,35,"白癬菌","Trichophytosis","0.05,0.41,22.50,57.50,325.16,476.50,527.00,667.00,749.00,986.22"
250,36,"根","Root","0.39"
251,36,"仙骨","Sacral","0.4"
252,36,"太陽","Solar","0.43"
253,36,"心臓","Heart","0.65"
254,36,"喉","Throat","6.87"
255,36,"第三の目","３rd Eye","7.93"
256,36,"王冠","Crown","8.33"
257,36,"松果体","Pineal","8.48"
258,36,"下垂体","Pituitary","8.63"
259,36,"王冠の花弁","Crown Lotus","8.82"
260,37,"不安","Anxiety","0.08,0.62,0.87,5.81,225.00,423.07,572.00,727.33,841.12,903.91"
261,37,"恐怖症","Phobia School","0.02,0.23,0.65,16.95,73.50,120.53,355.54,607.59,816.51,979.93"
262,37,"うつ","Depression","0.14,0.22,0.62,7.50,15.50,41.09,465.69,597.50,722.70,875.9"
263,37,"双極性障害","Bipolar Disorder","0.16,0.80,7.50,30.00,67.50,125.00,352.93,563.19,642.91,930.12"
265,37,"睡眠障害","Sleep Disorder","0.13,0.40,0.62,42.50,57.50,92.50,175.00,475.17,527.00,667.00"
266,37,"循環気質","Cyclothymic Disorder","0.15,0.23,0.60,0.95,7.50,18.30,155.03,517.50,696.50,893.00"
267,37,"分離性ヒステリー","Hysteria Dissociative","0.11,0.49,0.97,17.30,29.50,422.50,602.50,715.31,803.50,924.37"
268,37,"心気症","Hypochondriasis","0.03,0.50,0.85,7.50,8.00,127.50,235.58,525.79,725.00,825.79"
269,37,"心配","worry","6.13"
270,37,"病気による落ち込み","worry Illness","0.664,0.764"
271,37,"脅迫観念,神経症","Obsessive Compulsive Disorder","0.19,0.75,1.42,5.25,25.51,42.57,162.21,492.83,671.51,808.53"
272,37,"脳のバランス","Brain Disorder","0.04,0.25,0.46,0.32,0.52,0.75,42.50,87.50,132.41,376.29"
273,37,"統合失調症","Schizophrenia","0.07,0.50,0.97,9.00,12.85,132.50,337.50,524.37,758.57,955.72"
274,37,"精神病","Psychotic Disorder","0.57,0.68,0.87,2.50,5.71,32.50,92.50,322.53,519.34,653.69"
275,37,"依存症(薬、一般)","Addiction","0.28,0.35,0.47,1.88,4.34,5.20,43.42,143.04,234.04,343.45"
276,37,"霊性","Spirit","1.565"
277,37,"ネガティブエネルギーの除去","Remove negative Energy","20.08,89.08"
278,38,"脳腫瘍","Cancer Brain Tumor","0.04,0.02,0.03,5.03,119.34,350.00,434.33,691.27,759.83,927.10"
279,38,"乳がん","Cancer Breast","0.02,0.46,5.12,27.50,85.00,95.75,150.00,434.71,682.45,753.07"
280,38,"骨肉種","Cancer Bone","0.57,0.83,2.85,32.50,97.50,322.53,434.42,566.41,835.96,978.85"
281,38,"肝臓がん","Cancer Liver","0.11,0.52,81.30,135.71,221.50,434.50,570.51,691.51,775.48,971.55"
282,38,"肺がん(大)","Cancer Lung","0.05,0.41,0.62,15.75,87.50,434.00,512.33,655.20,750.00,927.10"
283,38,"食道がん","Cancer Esophageal","0.05,0.52,0.60,0.93,12.69,125.00,260.71,434.03,301.00,812.20"
284,38,"胃腸がん","Cancer Gastric","0.05,0.52,0.60,0.93,12.69,125.00,269.71,434.03,571.00,839.00"
285,38,"直腸腸がん","Cancer Rectal","0.46,27.50,17.50,37.50,85.00,95.75,150.00,434.00,571.00,840.00"
286,38,"膀胱がん","Cancer Urinary Bladder","0.08,5.75,7.25,50.00,97.50,210.50,434.37,655.20,750.00,927.10"
287,38,"腎臓がん","Kideny Cancer","0.13,0.57,0.78,12.27,68.29,135.25,272.72,434.53,733.91,836.42"
288,38,"血管腫","Hemangioma","0.15,0.24,0.70,0.83,2.50,17.50,432.50,555.91,625.29,775.52"
289,38,"多発性骨髄腫","Multiple Myeloma","0.06,0.35,0.62,0.97,12.50,27.50,142.50,325.87,623.01,815.58"
290,38,"子宮がん","Cancer Uterine","0.04,0.40,0.78,5.29,7.50,37.00,95.50,434.00,792.00,985.67"
291,38,"前立腺がん","Cancer Prostate","0.13,0.57,0.83,2.25,97.50,325.71,434.16,527.00,667.00,742.00"
292,38,"過誤腫","Hamartoma Syndrome","0.06,0.26,0.68,9.00,10.89,45.91,125.29,526.16,652.43,750.00"
293,38,"肉腫","Cancer Sarcoma General","1.97,2.04,2.10,2.49,3.17,5.00,5.57,10.24,13.72,15.61,10.00,6.00,5.00,3.17,2.49,2.04,2.10,1.97,2.04,8.03"
294,38,"腺腫","Adenoma","0.04,5.81,22.50,52.50,224.37,434.00,527.00,667.00,721.00,987.23"
295,38,"全身転移","Metastasis","0.10,0.61,7.67,32.00,225.03,434.15,527.00,662.71,712.00,750.00"
296,38,"メラノーマ","Cancer Melanoma","0.49,0.70,32.80,102.25,212.75,321.20,434.00,545.68,795.61,857.7"
297,38,"未分化がん","Carcinoma, Undifferentiated","0.13,0.23,0.73,0.83,5.12,7.25,32.50,90.00,175.75,434.53"
298,38,"残余がん","Residual Cancer","0.61,15.90,52.81,62.71,97.53,248.00,434.50,524.37,601.27,781.09"
299,38,"皮膚がん","Cancer Skin","0.15,2.12,20.00,45.15,73.30,96.50,125.00,375.75,434.33,563.19"
3000,39,"カスタム1","Custom1","0,0,0,0"
